time,city,temperature_2m,relative_humidity_2m,surface_pressure,wind_speed_10m,wind_direction_10m,cloud_cover,precipitation,shortwave_radiation,pm2_5,pm10,nitrogen_dioxide,sulphur_dioxide,carbon_monoxide,ozone,dust,aerosol_optical_depth,aqi
2026-10-03 04:00:00,Faisalabad,25.8,73,990.5,0.8,45,0,0.0,0.0,64.31,141.31,8.57,1.33,549.89,18.37,,,156
2026-10-03 05:00:00,Faisalabad,25.7,72,990.6,2.9,4,0,0.0,0.0,64.31,141.31,8.57,1.33,549.89,18.37,,,156
2026-10-03 06:00:00,Faisalabad,25.5,74,990.7,4.7,67,0,0.0,0.0,63.45,140.52,8.11,1.38,537.17,18.6,,,155
2026-10-03 07:00:00,Faisalabad,25.9,73,990.8,5.4,64,0,0.0,84.0,63.23,142.79,7.82,1.56,545.3,18.27,,,155
2026-10-03 08:00:00,Faisalabad,27.9,65,991.3,2.0,153,0,0.0,255.0,63.58,147.47,6.33,1.87,560.02,22.3,,,155
2026-10-03 09:00:00,Faisalabad,30.5,54,991.7,1.9,163,0,0.0,438.0,62.29,153.15,5.24,2.77,515.35,40.1,,,155
2026-10-03 10:00:00,Faisalabad,33.0,43,991.9,1.4,157,0,0.0,590.0,65.79,156.87,4.34,3.16,500.05,59.86,,,156
2026-10-03 11:00:00,Faisalabad,34.5,37,991.5,0.8,243,0,0.0,690.0,76.42,167.6,3.32,3.49,509.36,84.13,,,162
2026-10-03 12:00:00,Faisalabad,35.5,35,990.9,1.4,230,0,0.0,724.0,65.21,165.79,1.61,9.39,307.92,115.4,,,156
2026-10-03 13:00:00,Faisalabad,36.0,34,990.0,2.7,274,0,0.0,695.0,62.44,161.95,1.15,9.71,251.91,121.9,,,155
2026-10-03 15:00:00,Faisalabad,36.0,34,988.6,4.8,283,0,0.0,457.0,65.23,161.42,1.26,8.74,249.74,123.83,,,156
2026-10-03 20:00:00,Faisalabad,30.2,63,989.4,7.9,73,0,0.0,0.0,77.82,167.05,9.75,4.98,478.32,56.98,,,163
2026-10-04 00:00:00,Faisalabad,28.3,70,989.1,4.0,63,0,0.0,0.0,77.55,157.89,12.68,2.76,633.28,26.3,,,162
2026-10-04 03:00:00,Faisalabad,26.8,72,988.0,5.9,110,0,0.0,0.0,71.72,142.41,9.65,1.1,598.58,16.18,,,159
2026-10-04 07:00:00,Faisalabad,27.1,72,988.4,6.2,131,0,0.0,121.0,58.86,130.55,6.87,1.31,468.62,23.98,,,153
2026-10-04 14:00:00,Faisalabad,35.8,40,986.8,4.1,92,0,0.0,566.0,47.37,136.41,1.06,7.45,180.96,110.48,,,130
2026-10-04 20:00:00,Faisalabad,30.4,64,987.8,7.8,98,0,0.0,0.0,50.8,123.52,8.78,3.41,375.34,46.69,,,139
2026-10-05 00:00:00,Faisalabad,27.6,65,987.6,8.7,82,0,0.0,0.0,51.33,118.71,9.59,1.75,456.91,28.44,,,140
2026-10-05 03:00:00,Faisalabad,26.1,70,986.6,8.7,98,0,0.0,0.0,47.31,112.5,7.17,1.18,403.52,27.5,,,130
2026-10-05 06:00:00,Faisalabad,26.0,74,987.2,8.3,117,0,0.0,24.0,42.87,110.69,5.99,1.41,356.53,28.81,,,119
2026-10-05 13:00:00,Faisalabad,35.2,42,986.5,4.4,102,4,0.0,672.0,52.02,138.19,1.25,9.65,215.29,118.67,,,142
2026-10-05 23:00:00,Faisalabad,29.1,69,987.6,8.0,108,0,0.0,0.0,58.35,128.95,11.4,4.22,536.3,44.92,,,152
2026-10-06 04:00:00,Faisalabad,26.3,74,987.4,8.2,99,0,0.0,0.0,33.9,99.73,3.82,2.41,231.65,50.83,,,97
2026-10-06 11:00:00,Faisalabad,33.7,46,990.2,6.2,206,0,0.0,666.0,40.53,121.48,2.18,8.34,209.48,87.79,,,113
2026-10-06 18:00:00,Faisalabad,30.7,62,989.1,10.1,84,6,0.0,0.0,38.63,95.88,7.61,4.01,297.84,64.5,,,109
2026-10-07 00:00:00,Faisalabad,24.9,87,991.2,5.2,61,0,0.0,0.0,44.0,102.15,11.45,2.44,494.36,29.71,,,122
2026-10-07 04:00:00,Faisalabad,22.9,89,992.6,18.3,67,75,0.0,0.0,38.19,95.63,5.64,1.97,339.25,44.91,,,108
2026-10-07 16:00:00,Faisalabad,30.6,65,991.8,4.4,30,6,0.0,155.0,61.18,114.69,3.08,4.5,345.16,107.71,,,154
2026-10-07 23:00:00,Faisalabad,25.7,84,993.7,2.0,100,0,0.0,0.0,80.6,126.73,11.28,2.86,691.85,50.95,,,164
2026-10-08 04:00:00,Faisalabad,24.8,88,991.9,4.1,67,0,0.0,0.0,79.96,122.39,9.21,1.07,711.23,22.49,,,164
2026-10-08 16:00:00,Faisalabad,31.7,59,989.1,1.2,231,1,0.0,124.0,47.78,102.75,2.7,7.76,232.32,113.34,,,131
2026-10-08 23:00:00,Faisalabad,26.0,79,989.9,7.1,81,0,0.0,0.0,41.2,93.8,9.72,2.69,435.07,38.56,,,115
2026-10-09 04:00:00,Faisalabad,22.6,84,988.9,8.0,67,0,0.0,0.0,38.82,93.14,6.64,1.36,364.8,32.67,,,109
2026-10-09 16:00:00,Faisalabad,30.6,63,987.7,5.9,101,19,0.0,159.0,39.48,106.65,2.27,4.94,199.24,107.91,,,111
2026-10-09 23:00:00,Faisalabad,25.9,80,989.0,7.8,64,1,0.0,0.0,57.09,122.57,9.34,3.58,474.48,60.53,,,152
2026-10-10 04:00:00,Faisalabad,24.0,82,987.9,9.2,89,0,0.0,0.0,61.04,116.78,7.98,1.93,526.94,34.86,,,154
2026-10-03 04:00:00,Hyderabad,24.9,74,1009.8,14.6,214,0,0.0,0.0,4.14,16.31,1.03,1.85,85.01,54.32,,,17
2026-10-03 05:00:00,Hyderabad,24.7,77,1010.1,14.8,216,0,0.0,0.0,4.14,16.31,1.03,1.85,85.01,54.32,,,17
2026-10-03 06:00:00,Hyderabad,24.5,83,1010.2,15.0,214,0,0.0,0.0,4.11,16.34,0.98,1.86,83.53,55.38,,,17
2026-10-03 07:00:00,Hyderabad,24.8,84,1010.6,15.5,215,0,0.0,57.0,4.11,16.54,1.06,1.95,84.1,56.35,,,17
2026-10-03 08:00:00,Hyderabad,26.5,77,1011.3,15.5,216,0,0.0,241.0,4.17,16.95,1.26,2.11,88.22,57.65,,,17
2026-10-03 09:00:00,Hyderabad,28.7,69,1011.9,16.1,217,3,0.0,451.0,4.31,17.64,1.37,2.34,94.56,59.81,,,18
2026-10-03 10:00:00,Hyderabad,31.0,60,1011.8,16.5,219,5,0.0,632.0,4.59,18.28,1.32,2.6,99.15,62.72,,,19
2026-10-03 11:00:00,Hyderabad,33.1,52,1011.3,17.7,225,2,0.0,762.0,5.3,19.23,1.08,2.85,100.44,66.7,,,22
2026-10-03 12:00:00,Hyderabad,35.4,46,1010.1,19.4,237,0,0.0,824.0,5.91,20.94,0.77,2.73,97.66,74.53,,,25
2026-10-03 13:00:00,Hyderabad,36.6,41,1008.9,20.1,241,0,0.0,815.0,6.05,21.67,0.63,2.56,93.75,77.08,,,25
2026-10-03 15:00:00,Hyderabad,37.2,37,1007.4,19.5,241,0,0.0,593.0,5.9,21.42,0.68,2.56,92.31,74.56,,,25
2026-10-03 20:00:00,Hyderabad,30.7,47,1009.1,16.1,230,2,0.0,0.0,4.38,16.66,1.98,2.25,101.79,53.92,,,18
2026-10-04 00:00:00,Hyderabad,27.4,63,1009.2,18.0,233,0,0.0,0.0,4.57,16.73,1.43,1.98,96.53,54.6,,,19
2026-10-04 03:00:00,Hyderabad,26.5,67,1007.3,17.0,228,0,0.0,0.0,4.46,16.98,0.74,1.57,82.92,54.51,,,19
2026-10-04 07:00:00,Hyderabad,26.2,74,1007.4,16.8,227,0,0.0,96.0,4.43,17.65,0.75,1.58,84.92,55.86,,,18
2026-10-04 20:00:00,Hyderabad,28.3,73,1007.4,18.4,216,0,0.0,0.0,4.92,18.24,1.53,1.69,104.76,49.7,,,20
2026-10-05 00:00:00,Hyderabad,26.3,84,1007.3,15.8,224,1,0.0,0.0,5.06,19.65,1.23,1.76,98.55,50.33,,,21
2026-10-05 03:00:00,Hyderabad,25.3,89,1005.9,16.2,222,5,0.0,0.0,5.47,23.23,0.91,1.8,87.43,50.49,,,23
2026-10-05 06:00:00,Hyderabad,25.0,91,1006.4,16.4,218,16,0.0,2.0,6.12,27.32,1.05,2.03,87.54,50.68,,,26
2026-10-05 13:00:00,Hyderabad,34.9,46,1005.8,18.5,217,3,0.0,787.0,9.12,37.88,0.62,2.22,93.55,65.78,,,38
2026-10-05 23:00:00,Hyderabad,26.9,81,1007.7,16.2,226,1,0.0,0.0,6.25,27.32,1.55,2.08,102.32,60.43,,,26
2026-10-06 04:00:00,Hyderabad,25.4,92,1006.7,12.4,213,2,0.0,0.0,5.01,22.97,0.89,1.77,86.11,55.98,,,21
2026-10-06 18:00:00,Hyderabad,32.7,51,1006.9,14.9,234,1,0.0,0.0,6.53,24.67,1.48,1.66,99.23,57.69,,,27
2026-10-07 00:00:00,Hyderabad,27.0,82,1009.9,11.8,232,1,0.0,0.0,6.04,24.88,1.71,1.78,106.96,51.97,,,25
2026-10-07 04:00:00,Hyderabad,25.3,94,1009.9,8.3,202,3,0.0,0.0,5.72,24.97,1.2,1.32,98.11,46.26,,,24
2026-10-07 23:00:00,Hyderabad,27.1,70,1013.1,10.1,237,0,0.0,0.0,5.14,24.94,3.38,2.21,144.7,35.9,,,23
2026-10-08 04:00:00,Hyderabad,24.3,87,1012.0,10.5,235,0,0.0,0.0,5.38,26.7,2.53,2.01,129.94,35.29,,,25
2026-10-08 16:00:00,Hyderabad,34.6,36,1008.4,18.1,239,0,0.0,233.0,5.53,24.39,1.21,3.0,107.94,53.73,,,23
2026-10-08 23:00:00,Hyderabad,25.8,80,1009.6,17.6,237,1,0.0,0.0,4.85,23.93,1.85,2.3,112.8,39.09,,,22
2026-10-10 04:00:00,Hyderabad,26.0,85,1005.3,19.4,230,5,0.0,0.0,9.89,34.67,0.65,1.57,113.28,53.29,,,41
2026-10-03 04:00:00,Islamabad,22.1,62,953.7,5.5,314,0,0.0,0.0,90.09,180.42,7.5,3.78,539.02,70.43,,,169
2026-10-03 05:00:00,Islamabad,21.9,64,953.6,5.7,314,0,0.0,0.0,90.09,180.42,7.5,3.78,539.02,70.43,,,169
2026-10-03 06:00:00,Islamabad,22.1,64,953.8,5.8,306,0,0.0,0.0,89.11,179.26,7.3,2.93,541.16,64.27,,,168
2026-10-03 07:00:00,Islamabad,22.9,63,953.9,6.4,302,0,0.0,83.0,87.82,179.54,8.63,2.58,562.93,58.05,,,168
2026-10-03 08:00:00,Islamabad,25.5,57,954.5,7.3,300,0,0.0,254.0,85.99,180.83,10.43,2.58,593.63,56.56,,,167
2026-10-03 09:00:00,Islamabad,28.0,51,955.2,7.2,302,0,0.0,436.0,80.53,181.11,8.81,2.85,550.4,74.45,,,164
2026-10-03 10:00:00,Islamabad,29.9,43,955.4,10.7,306,0,0.0,588.0,75.04,175.9,7.17,2.81,515.74,88.66,,,161
2026-10-03 11:00:00,Islamabad,30.9,39,955.0,13.8,307,0,0.0,690.0,77.11,177.44,5.02,2.78,479.4,109.19,,,162
2026-10-03 12:00:00,Islamabad,31.8,37,954.3,13.6,301,0,0.0,730.0,61.54,152.04,1.14,3.28,265.06,127.76,,,154
2026-10-03 13:00:00,Islamabad,32.2,36,953.3,13.4,297,0,0.0,703.0,55.71,135.39,0.77,2.75,228.68,126.64,,,151
2026-10-03 15:00:00,Islamabad,32.3,35,952.3,10.5,290,2,0.0,465.0,55.37,131.37,1.18,2.49,226.46,124.93,,,150
2026-10-03 20:00:00,Islamabad,25.2,66,952.7,4.7,360,0,0.0,0.0,67.68,145.72,13.43,1.79,440.8,65.72,,,157
2026-10-04 00:00:00,Islamabad,23.0,65,953.1,7.6,43,0,0.0,0.0,77.97,168.73,12.44,1.83,506.15,49.11,,,163
2026-10-04 03:00:00,Islamabad,22.0,74,951.4,3.8,8,0,0.0,0.0,85.94,184.78,9.77,2.33,513.3,54.47,,,167
2026-10-04 07:00:00,Islamabad,23.2,75,951.8,2.8,349,0,0.0,119.0,89.78,193.73,11.29,2.43,567.01,48.75,,,169
2026-10-04 14:00:00,Islamabad,32.1,46,951.2,5.2,192,0,0.0,559.0,73.57,163.72,1.08,4.16,266.82,132.99,,,160
2026-10-04 20:00:00,Islamabad,26.6,68,952.4,4.4,83,0,0.0,0.0,84.04,157.52,10.62,3.24,454.05,89.55,,,166
2026-10-05 00:00:00,Islamabad,24.2,79,952.3,7.0,40,0,0.0,0.0,94.41,165.73,11.73,2.03,580.26,56.68,,,171
2026-10-05 03:00:00,Islamabad,23.2,85,950.8,3.8,3,0,0.0,0.0,100.47,172.29,7.53,2.1,579.82,49.15,,,174
2026-10-05 06:00:00,Islamabad,23.3,86,950.8,3.1,336,0,0.0,22.0,103.97,177.43,9.44,2.38,630.02,40.34,,,176
2026-10-05 13:00:00,Islamabad,32.0,49,950.8,6.5,270,12,0.0,636.0,87.11,162.83,1.18,9.69,311.12,148.82,,,167
2026-10-05 23:00:00,Islamabad,25.1,77,952.6,5.1,45,17,0.0,0.0,110.43,178.03,10.93,4.97,610.14,84.39,,,179
2026-10-06 04:00:00,Islamabad,20.7,91,951.2,8.7,343,8,0.0,0.0,108.49,159.76,4.85,4.42,606.3,72.08,,,178
2026-10-06 11:00:00,Islamabad,28.6,58,955.6,9.0,134,24,0.0,601.0,107.2,152.35,4.38,6.1,580.0,129.18,,,178
2026-10-06 18:00:00,Islamabad,23.9,86,954.0,6.0,314,26,0.0,0.0,60.98,95.81,8.9,4.96,440.39,112.56,,,154
2026-10-07 00:00:00,Islamabad,20.4,92,956.1,12.2,299,100,1.4,0.0,58.97,87.57,11.67,3.2,603.75,62.29,,,153
2026-10-07 04:00:00,Islamabad,20.1,95,955.1,5.5,311,36,0.0,0.0,42.46,52.63,4.72,2.6,520.72,69.03,,,118
2026-10-07 16:00:00,Islamabad,28.3,58,955.8,4.1,119,6,0.0,165.0,43.46,55.32,4.46,3.68,341.03,115.67,,,121
2026-10-07 23:00:00,Islamabad,22.2,71,957.0,1.5,353,2,0.0,0.0,62.88,84.9,15.85,1.76,644.59,51.13,,,155
2026-10-08 04:00:00,Islamabad,22.1,81,955.0,3.1,306,0,0.0,0.0,72.82,95.0,9.66,1.88,608.04,54.28,,,160
2026-10-08 16:00:00,Islamabad,28.2,55,952.9,6.3,95,6,0.0,124.0,49.48,69.13,2.52,3.3,324.67,139.29,,,135
2026-10-08 23:00:00,Islamabad,22.1,81,954.3,7.4,47,0,0.0,0.0,77.73,105.67,15.22,1.62,725.27,54.81,,,162
2026-10-09 04:00:00,Islamabad,20.7,85,952.7,5.1,36,22,0.0,0.0,80.15,103.78,7.17,2.04,657.55,53.15,,,164
2026-10-09 16:00:00,Islamabad,27.3,58,952.0,8.5,96,36,0.0,144.0,49.41,70.08,3.69,4.53,343.91,135.14,,,135
2026-10-09 23:00:00,Islamabad,22.1,82,953.4,5.7,49,0,0.0,0.0,68.74,92.83,10.28,2.18,595.7,79.73,,,158
2026-10-10 04:00:00,Islamabad,21.1,80,951.9,5.6,22,99,0.0,0.0,71.5,94.76,5.36,2.0,591.04,61.07,,,159
2026-10-03 04:00:00,Karachi,25.5,93,1013.7,13.4,262,3,0.0,0.0,3.04,12.46,0.04,0.24,75.31,57.97,,,13
2026-10-03 05:00:00,Karachi,25.5,94,1013.9,13.6,265,4,0.0,0.0,3.04,12.46,0.04,0.24,75.31,57.97,,,13
2026-10-03 06:00:00,Karachi,25.5,93,1013.9,12.0,263,0,0.0,0.0,3.1,12.67,0.04,0.24,75.23,58.83,,,13
2026-10-03 07:00:00,Karachi,25.8,91,1014.4,11.3,261,0,0.0,46.0,3.17,12.93,0.05,0.25,75.12,58.82,,,13
2026-10-03 08:00:00,Karachi,27.2,83,1015.1,11.5,253,0,0.0,220.0,3.19,12.85,0.06,0.26,75.07,58.63,,,13
2026-10-03 09:00:00,Karachi,28.6,74,1015.8,13.0,250,0,0.0,429.0,3.29,13.32,0.05,0.26,75.02,58.33,,,14
2026-10-03 10:00:00,Karachi,29.7,68,1015.9,15.0,252,0,0.0,613.0,3.33,13.43,0.04,0.26,74.87,58.0,,,14
2026-10-03 11:00:00,Karachi,30.5,65,1015.6,15.7,252,0,0.0,747.0,3.37,13.45,0.03,0.26,74.77,57.43,,,14
2026-10-03 12:00:00,Karachi,31.4,59,1014.6,17.2,257,0,0.0,824.0,3.39,13.42,0.03,0.25,74.73,56.68,,,14
2026-10-03 13:00:00,Karachi,31.8,54,1013.6,17.2,257,0,0.0,824.0,3.45,13.58,0.03,0.26,74.45,55.22,,,14
2026-10-03 15:00:00,Karachi,31.3,57,1012.1,16.9,254,0,0.0,614.0,3.6,14.15,0.03,0.27,74.38,53.08,,,15
2026-10-03 20:00:00,Karachi,27.5,82,1012.8,11.0,251,0,0.0,0.0,3.95,16.08,0.07,0.33,74.98,52.13,,,16
2026-10-04 00:00:00,Karachi,27.0,79,1013.2,13.1,261,0,0.0,0.0,4.2,17.15,0.08,0.37,74.86,52.63,,,18
2026-10-04 03:00:00,Karachi,26.7,78,1011.4,12.6,267,0,0.0,0.0,4.07,16.5,0.08,0.37,76.41,52.97,,,17
2026-10-04 07:00:00,Karachi,27.1,80,1011.5,13.0,260,0,0.0,81.0,4.16,17.18,0.08,0.38,76.66,52.31,,,17
2026-10-04 14:00:00,Karachi,30.9,64,1010.0,18.6,247,0,0.0,722.0,4.45,18.76,0.04,0.37,79.25,51.9,,,19
2026-10-04 20:00:00,Karachi,27.7,80,1011.2,13.5,239,33,0.0,0.0,4.5,19.21,0.08,0.39,79.87,51.87,,,19
2026-10-05 00:00:00,Karachi,26.9,88,1010.8,13.0,251,40,0.0,0.0,4.66,21.07,0.07,0.4,78.39,52.23,,,20
2026-10-05 03:00:00,Karachi,26.5,89,1009.4,10.7,262,42,0.0,0.0,5.38,26.34,0.07,0.41,77.78,54.05,,,24
2026-10-05 06:00:00,Karachi,26.5,87,1009.9,10.4,255,66,0.0,0.0,6.19,32.21,0.07,0.43,77.75,55.54,,,30
2026-10-05 13:00:00,Karachi,29.8,69,1009.7,15.5,225,97,0.1,419.0,7.92,41.53,0.04,0.47,78.95,58.17,,,38
2026-10-05 23:00:00,Karachi,27.2,84,1010.8,11.3,233,23,0.0,0.0,4.46,22.07,0.07,0.36,77.55,59.47,,,20
2026-10-06 04:00:00,Karachi,26.5,91,1009.7,8.2,255,27,0.0,0.0,6.27,32.02,0.06,0.43,78.71,55.7,,,30
2026-10-06 11:00:00,Karachi,30.3,67,1012.0,10.2,219,98,0.0,573.0,7.95,43.22,0.05,0.44,80.14,57.87,,,40
2026-10-06 18:00:00,Karachi,28.1,77,1010.6,12.7,193,42,0.0,0.0,6.08,31.74,0.07,0.33,79.36,51.22,,,29
2026-10-07 00:00:00,Karachi,27.1,86,1012.8,5.2,254,13,0.0,0.0,5.36,31.86,0.07,0.29,80.62,46.64,,,30
2026-10-07 04:00:00,Karachi,26.4,90,1012.4,4.6,222,19,0.0,0.0,5.31,25.93,0.06,0.23,81.84,45.78,,,24
2026-10-07 16:00:00,Karachi,29.4,67,1013.7,10.7,197,7,0.0,297.0,4.1,22.38,0.04,0.13,81.79,43.29,,,21
2026-10-07 23:00:00,Karachi,26.9,79,1016.3,5.6,230,4,0.0,0.0,3.69,25.92,0.05,0.09,83.96,43.07,,,24
2026-10-08 04:00:00,Karachi,25.7,88,1015.3,5.4,290,22,0.0,0.0,3.71,25.14,0.04,0.08,84.46,43.97,,,23
2026-10-08 16:00:00,Karachi,28.9,69,1012.9,13.8,254,2,0.0,253.0,3.82,23.01,0.03,0.1,86.08,43.3,,,21
2026-10-08 23:00:00,Karachi,26.5,87,1013.9,12.6,272,34,0.0,0.0,4.16,24.37,0.06,0.16,88.57,41.78,,,23
2026-10-09 04:00:00,Karachi,26.3,87,1012.2,16.4,269,19,0.0,0.0,5.05,26.75,0.05,0.23,91.55,47.26,,,25
2026-10-09 16:00:00,Karachi,29.6,64,1009.6,19.5,251,43,0.0,259.0,7.19,33.43,0.05,0.29,102.76,49.0,,,31
2026-10-09 23:00:00,Karachi,27.4,80,1011.1,16.1,264,31,0.0,0.0,8.81,33.76,0.07,0.33,108.26,53.39,,,37
2026-10-10 04:00:00,Karachi,26.8,86,1009.5,15.9,267,18,0.0,0.0,10.64,36.4,0.06,0.38,109.77,56.29,,,44
2026-10-03 04:00:00,Lahore,24.8,87,986.6,1.0,31,0,0.0,0.0,61.57,151.07,11.93,0.91,580.86,12.31,,,154
2026-10-03 05:00:00,Lahore,24.7,87,986.7,0.5,360,0,0.0,0.0,61.57,151.07,11.93,0.91,580.86,12.31,,,154
2026-10-03 06:00:00,Lahore,24.4,89,986.8,0.9,53,0,0.0,0.0,61.08,151.3,11.13,0.86,572.14,11.47,,,154
2026-10-03 07:00:00,Lahore,25.2,87,987.0,1.7,122,0,0.0,95.0,61.21,154.52,10.44,0.98,582.52,10.81,,,154
2026-10-03 08:00:00,Lahore,27.4,79,987.5,1.5,150,0,0.0,265.0,61.61,160.46,7.94,1.18,598.18,15.48,,,154
2026-10-03 09:00:00,Lahore,29.7,66,988.0,2.2,185,0,0.0,444.0,60.08,168.64,6.47,1.51,534.67,32.72,,,153
2026-10-03 10:00:00,Lahore,31.6,55,988.1,2.5,188,0,0.0,592.0,62.41,171.3,5.45,1.68,494.85,54.55,,,155
2026-10-03 11:00:00,Lahore,32.8,47,987.7,4.2,205,0,0.0,688.0,71.39,180.25,3.91,1.85,461.88,83.47,,,159
2026-10-03 12:00:00,Lahore,33.3,48,987.0,4.6,222,0,0.0,717.0,60.61,171.9,1.61,5.01,273.17,110.28,,,154
2026-10-03 13:00:00,Lahore,33.9,45,986.1,6.1,236,0,0.0,682.0,57.83,166.41,1.19,6.01,222.98,116.16,,,152
2026-10-03 15:00:00,Lahore,34.0,44,984.9,6.3,246,0,0.0,438.0,60.99,165.93,1.8,5.65,230.67,113.76,,,154
2026-10-03 20:00:00,Lahore,29.0,68,985.7,1.9,299,0,0.0,0.0,74.04,169.2,11.86,3.74,483.36,52.36,,,161
2026-10-04 00:00:00,Lahore,25.7,84,985.3,3.5,66,0,0.0,0.0,63.17,146.85,13.35,2.18,545.98,23.25,,,155
2026-10-04 03:00:00,Lahore,24.6,87,984.1,3.5,118,0,0.0,0.0,62.69,139.06,10.51,0.97,539.31,12.66,,,155
2026-10-04 07:00:00,Lahore,25.6,81,984.8,5.4,127,0,0.0,131.0,58.74,132.67,8.57,0.87,513.12,11.59,,,153
2026-10-04 14:00:00,Lahore,34.2,46,983.3,3.9,146,0,0.0,548.0,40.21,132.45,0.9,4.1,155.78,106.14,,,113
2026-10-04 20:00:00,Lahore,28.3,73,984.4,4.7,94,0,0.0,0.0,47.59,129.77,10.72,2.51,384.67,46.18,,,131
2026-10-05 00:00:00,Lahore,25.9,76,984.0,4.8,70,0,0.0,0.0,49.76,122.57,11.63,1.64,472.34,25.25,,,136
2026-10-05 03:00:00,Lahore,24.4,83,983.1,3.8,79,0,0.0,0.0,49.48,113.55,9.27,0.88,464.86,15.31,,,135
2026-10-05 06:00:00,Lahore,24.4,87,983.5,5.4,120,0,0.0,32.0,46.8,118.45,7.62,1.12,428.68,19.62,,,129
2026-10-05 13:00:00,Lahore,34.3,45,983.0,5.2,158,0,0.0,658.0,42.28,138.37,1.08,4.23,171.17,105.0,,,118
2026-10-05 23:00:00,Lahore,27.3,76,984.2,5.1,94,0,0.0,0.0,43.86,115.32,13.23,2.7,453.63,34.4,,,122
2026-10-06 04:00:00,Lahore,25.5,79,984.1,5.1,107,0,0.0,0.0,38.28,104.12,7.22,1.41,339.51,32.86,,,108
2026-10-06 11:00:00,Lahore,32.9,52,987.1,8.9,155,0,0.0,658.0,34.58,120.18,1.83,2.38,186.34,81.37,,,98
2026-10-06 18:00:00,Lahore,30.4,65,986.1,5.7,114,15,0.0,0.0,28.22,82.11,9.15,2.03,284.44,60.56,,,85
2026-10-07 00:00:00,Lahore,24.6,84,987.8,8.7,76,18,0.0,0.0,30.12,78.05,10.99,2.4,382.97,41.14,,,89
2026-10-07 04:00:00,Lahore,21.8,96,988.5,6.2,120,94,0.4,0.0,28.72,71.74,5.14,2.37,257.05,52.22,,,86
2026-10-07 16:00:00,Lahore,31.1,56,988.2,2.5,210,23,0.0,140.0,41.7,94.09,2.87,3.63,221.77,116.57,,,116
2026-10-07 23:00:00,Lahore,24.8,80,989.6,4.6,64,0,0.0,0.0,64.15,104.22,12.99,1.93,615.86,35.44,,,155
2026-10-08 04:00:00,Lahore,23.5,87,988.3,3.6,87,0,0.0,0.0,60.51,96.5,9.59,0.99,573.18,18.3,,,154
2026-10-08 16:00:00,Lahore,30.9,58,985.6,3.5,285,4,0.0,106.0,48.25,102.33,4.93,5.59,281.25,96.68,,,132
2026-10-08 23:00:00,Lahore,25.2,81,986.3,4.4,81,0,0.0,0.0,60.27,115.73,13.19,3.21,573.6,37.27,,,153
2026-10-09 04:00:00,Lahore,22.0,92,985.6,5.9,90,19,0.0,0.0,56.64,107.76,8.65,1.34,475.67,25.22,,,152
2026-10-09 16:00:00,Lahore,29.6,64,984.6,6.6,127,27,0.0,133.0,43.45,114.14,5.79,3.86,281.03,90.98,,,121
2026-10-09 23:00:00,Lahore,25.0,80,985.7,7.2,94,1,0.0,0.0,58.83,118.59,13.61,3.89,529.15,45.07,,,153
2026-10-10 04:00:00,Lahore,23.6,90,984.7,8.7,103,0,0.0,0.0,73.51,113.85,5.25,4.24,417.06,61.09,,,160
2026-10-03 04:00:00,Multan,27.4,41,997.3,4.5,230,0,0.0,0.0,40.46,135.85,1.94,3.38,153.41,72.2,,,113
2026-10-03 05:00:00,Multan,27.1,42,997.4,5.2,229,0,0.0,0.0,40.46,135.85,1.94,3.38,153.41,72.2,,,113
2026-10-03 06:00:00,Multan,26.6,47,997.7,4.9,242,0,0.0,0.0,40.66,136.63,1.98,3.43,155.02,70.3,,,114
2026-10-03 07:00:00,Multan,27.2,48,997.9,5.6,243,0,0.0,74.0,40.87,136.34,2.47,3.42,167.02,65.2,,,114
2026-10-03 08:00:00,Multan,28.8,48,998.4,3.4,264,0,0.0,245.0,41.02,136.81,3.11,3.51,188.17,60.6,,,115
2026-10-03 09:00:00,Multan,31.4,42,998.8,3.0,284,0,0.0,434.0,41.27,139.2,3.07,3.68,207.83,61.08,,,115
2026-10-03 10:00:00,Multan,33.8,37,998.9,3.5,305,0,0.0,595.0,42.42,140.93,2.71,3.73,221.18,66.84,,,118
2026-10-03 11:00:00,Multan,35.7,34,998.5,4.1,304,0,0.0,705.0,46.09,144.93,2.2,3.81,229.92,78.42,,,127
2026-10-03 12:00:00,Multan,37.5,29,997.5,4.1,311,0,0.0,750.0,41.8,132.13,1.12,5.34,177.07,106.11,,,117
2026-10-03 13:00:00,Multan,38.4,28,996.5,5.1,309,0,0.0,728.0,38.37,120.17,0.78,4.73,153.9,111.56,,,108
2026-10-03 15:00:00,Multan,38.6,28,995.1,5.8,284,0,0.0,497.0,34.75,108.85,0.81,3.9,138.47,111.67,,,99
2026-10-03 20:00:00,Multan,33.1,42,995.6,1.8,156,0,0.0,0.0,33.97,108.26,3.41,3.49,178.63,86.34,,,97
2026-10-04 00:00:00,Multan,30.0,45,995.2,6.3,177,0,0.0,0.0,33.83,112.69,2.32,2.88,161.21,80.61,,,97
2026-10-04 03:00:00,Multan,28.4,42,993.8,8.6,182,0,0.0,0.0,33.31,117.38,1.5,3.94,138.57,78.49,,,96
2026-10-04 07:00:00,Multan,27.7,46,994.9,7.7,210,0,0.0,113.0,32.56,119.5,1.96,4.32,152.86,67.21,,,94
2026-10-04 14:00:00,Multan,38.6,27,992.9,5.5,287,0,0.0,616.0,30.01,100.19,0.6,3.76,127.89,107.39,,,89
2026-10-04 20:00:00,Multan,33.4,38,993.9,1.7,58,0,0.0,0.0,31.55,98.7,4.2,3.0,193.15,82.2,,,92
2026-10-05 00:00:00,Multan,28.9,44,993.2,4.5,182,0,0.0,0.0,29.36,105.34,2.21,2.22,149.45,77.08,,,87
2026-10-05 03:00:00,Multan,27.5,44,992.8,6.2,255,0,0.0,0.0,32.17,121.04,1.34,3.83,133.1,80.55,,,93
2026-10-05 06:00:00,Multan,27.2,52,993.8,8.5,216,0,0.0,15.0,33.54,127.49,1.89,4.76,154.04,71.2,,,96
2026-10-05 13:00:00,Multan,37.8,34,993.1,6.9,295,0,0.0,708.0,37.98,133.9,0.87,5.39,150.02,98.65,,,107
2026-10-05 23:00:00,Multan,31.2,42,993.9,9.1,190,0,0.0,0.0,26.71,100.36,2.01,2.19,142.52,76.52,,,82
2026-10-06 04:00:00,Multan,29.0,55,993.8,10.0,213,0,0.0,0.0,31.87,113.69,1.57,6.69,142.38,80.32,,,93
2026-10-06 11:00:00,Multan,34.8,43,997.0,11.6,252,0,0.0,681.0,35.37,125.56,1.29,5.3,163.18,81.75,,,100
2026-10-06 18:00:00,Multan,33.4,41,995.3,3.9,204,2,0.0,0.0,26.79,87.33,5.14,1.83,191.91,69.63,,,82
2026-10-07 00:00:00,Multan,29.5,59,997.9,14.2,322,0,0.0,0.0,28.07,101.67,3.87,1.31,193.57,57.16,,,85
2026-10-07 04:00:00,Multan,26.1,75,998.5,8.1,342,0,0.0,0.0,28.79,107.28,1.98,1.08,149.16,51.22,,,86
2026-10-07 16:00:00,Multan,36.0,36,998.0,5.5,281,11,0.0,186.0,29.24,84.11,0.98,2.93,138.42,97.05,,,87
2026-10-07 23:00:00,Multan,30.3,52,1000.6,1.0,158,1,0.0,0.0,31.86,91.28,5.94,2.36,263.55,51.63,,,93
2026-10-08 04:00:00,Multan,27.5,60,998.5,3.6,183,0,0.0,0.0,26.56,96.33,2.72,3.19,158.23,59.1,,,81
2026-10-08 16:00:00,Multan,37.0,28,994.7,10.9,214,0,0.0,157.0,23.69,66.65,1.37,4.67,133.66,109.95,,,75
2026-10-08 23:00:00,Multan,29.4,42,996.0,5.4,176,3,0.0,0.0,27.33,89.29,2.51,3.36,170.69,88.12,,,83
2026-10-09 04:00:00,Multan,27.0,41,994.7,5.8,182,3,0.0,0.0,31.84,100.3,2.12,3.51,174.54,77.7,,,93
2026-10-09 16:00:00,Multan,36.4,30,993.0,5.0,19,24,0.0,182.0,42.14,118.4,1.24,3.75,187.29,110.87,,,117
2026-10-09 23:00:00,Multan,29.8,58,994.9,7.5,17,0,0.0,0.0,59.64,146.73,9.43,3.24,436.5,46.66,,,153
2026-10-10 04:00:00,Multan,27.2,60,993.5,4.5,16,0,0.0,0.0,67.74,142.29,5.75,3.12,441.82,41.11,,,157
2026-10-03 04:00:00,Quetta,17.9,32,843.2,1.3,146,0,0.0,0.0,18.36,65.12,0.42,0.49,92.04,92.66,,,64
2026-10-03 05:00:00,Quetta,17.6,32,843.2,1.7,148,0,0.0,0.0,18.36,65.12,0.42,0.49,92.04,92.66,,,64
2026-10-03 06:00:00,Quetta,17.3,31,843.2,1.5,150,0,0.0,0.0,17.92,63.43,0.43,0.51,92.8,93.52,,,63
2026-10-03 07:00:00,Quetta,17.4,31,843.5,1.3,146,0,0.0,50.0,17.41,61.27,0.48,0.53,94.05,94.29,,,62
2026-10-03 08:00:00,Quetta,20.6,25,845.7,2.5,135,0,0.0,257.0,16.8,58.46,0.59,0.54,95.39,95.23,,,61
2026-10-03 09:00:00,Quetta,23.8,20,847.6,0.9,11,0,0.0,486.0,15.94,54.42,0.51,0.55,95.54,96.57,,,59
2026-10-03 10:00:00,Quetta,26.0,16,848.3,6.6,307,0,0.0,682.0,15.34,51.28,0.42,0.53,94.46,96.88,,,58
2026-10-03 11:00:00,Quetta,27.4,13,848.6,10.6,302,0,0.0,824.0,14.73,48.76,0.31,0.51,91.84,98.53,,,57
2026-10-03 12:00:00,Quetta,28.3,12,848.2,12.4,296,0,0.0,895.0,12.14,36.17,0.18,0.63,84.4,109.64,,,51
2026-10-03 13:00:00,Quetta,28.9,11,847.6,12.5,288,0,0.0,894.0,11.64,33.65,0.16,0.68,81.3,110.46,,,49
2026-10-03 15:00:00,Quetta,28.8,11,846.4,12.9,288,0,0.0,674.0,10.7,33.5,0.16,0.6,78.68,107.89,,,45
2026-10-03 20:00:00,Quetta,23.0,17,844.6,0.4,153,0,0.0,0.0,12.08,42.9,0.36,0.47,81.21,98.86,,,40
2026-10-04 00:00:00,Quetta,18.4,26,842.7,2.8,162,0,0.0,0.0,12.54,42.01,0.5,0.42,84.88,88.28,,,52
2026-10-04 03:00:00,Quetta,17.2,27,841.3,2.4,144,0,0.0,0.0,12.08,41.37,0.46,0.32,86.62,87.57,,,38
2026-10-04 07:00:00,Quetta,18.0,24,841.7,2.6,155,0,0.0,93.0,11.53,39.58,0.53,0.28,89.82,89.7,,,48
2026-10-04 14:00:00,Quetta,31.2,11,845.0,12.7,327,0,0.0,774.0,14.79,48.86,0.14,0.55,87.76,106.92,,,57
2026-10-04 20:00:00,Quetta,24.4,19,842.9,0.9,180,0,0.0,0.0,19.41,53.42,0.62,0.64,96.48,100.43,,,66
2026-10-05 00:00:00,Quetta,19.6,25,840.2,2.6,146,0,0.0,0.0,21.25,60.35,0.62,0.66,96.42,97.87,,,70
2026-10-05 03:00:00,Quetta,18.1,27,838.8,2.3,141,0,0.0,0.0,24.1,70.64,0.46,0.75,95.35,101.6,,,76
2026-10-05 06:00:00,Quetta,17.3,29,839.0,3.1,144,0,0.0,0.0,26.01,78.29,0.5,0.81,95.8,102.29,,,80
2026-10-05 13:00:00,Quetta,31.4,11,844.6,12.5,298,0,0.0,859.0,25.95,78.52,0.15,1.04,95.82,112.39,,,80
2026-10-05 23:00:00,Quetta,22.7,21,842.3,5.8,250,0,0.0,0.0,35.52,181.63,0.38,0.32,88.79,79.59,,,114
2026-10-06 04:00:00,Quetta,18.1,37,840.3,2.0,185,0,0.0,0.0,28.74,128.51,0.41,0.52,91.23,80.62,,,87
2026-10-06 11:00:00,Quetta,26.2,19,846.3,10.1,295,0,0.0,799.0,20.4,85.02,0.23,0.5,91.88,85.67,,,68
2026-10-06 18:00:00,Quetta,23.3,21,843.6,3.3,261,0,0.0,0.0,18.19,80.58,0.33,0.24,87.65,88.3,,,64
2026-10-07 00:00:00,Quetta,18.5,23,843.3,0.4,117,0,0.0,0.0,23.82,115.35,0.5,0.23,92.37,87.29,,,81
2026-10-07 04:00:00,Quetta,15.1,27,841.4,1.7,162,0,0.0,0.0,30.75,166.42,0.56,0.17,94.46,76.48,,,107
2026-10-07 16:00:00,Quetta,28.5,9,846.5,10.6,317,0,0.0,348.0,20.85,102.3,0.17,0.13,84.14,102.29,,,74
2026-10-07 23:00:00,Quetta,17.3,48,844.6,3.3,167,0,0.0,0.0,22.42,90.15,0.89,0.14,97.29,77.77,,,73
2026-10-08 04:00:00,Quetta,15.4,46,842.9,2.0,135,0,0.0,0.0,20.42,80.16,0.67,0.1,94.09,77.11,,,68
2026-10-08 16:00:00,Quetta,27.7,12,845.5,16.3,283,4,0.0,281.0,13.8,54.21,0.15,0.14,90.52,99.25,,,55
2026-10-08 23:00:00,Quetta,20.1,21,843.1,0.4,117,0,0.0,0.0,16.6,63.15,0.47,0.14,102.08,88.75,,,60
2026-10-09 04:00:00,Quetta,16.7,26,840.1,1.7,122,0,0.0,0.0,17.11,60.44,0.43,0.17,99.49,87.45,,,62
2026-10-09 16:00:00,Quetta,27.6,15,843.0,16.1,292,0,0.0,334.0,14.3,47.12,0.22,0.26,88.08,105.77,,,56
2026-10-09 23:00:00,Quetta,19.6,30,840.3,3.1,177,0,0.0,0.0,12.95,41.96,0.56,0.22,87.64,97.02,,,53
2026-10-10 04:00:00,Quetta,17.3,35,838.0,2.1,149,0,0.0,0.0,15.44,51.17,0.44,0.22,90.48,91.38,,,58
2026-10-03 04:00:00,Rawalpindi,21.7,68,955.3,2.4,312,0,0.0,0.0,101.4,192.58,7.52,4.93,555.15,78.23,,,175
2026-10-03 05:00:00,Rawalpindi,21.5,69,955.2,2.3,299,0,0.0,0.0,101.4,192.58,7.52,4.93,555.15,78.23,,,175
2026-10-03 06:00:00,Rawalpindi,21.3,74,955.3,3.2,273,0,0.0,0.0,99.94,190.04,7.26,3.67,560.7,69.64,,,174
2026-10-03 07:00:00,Rawalpindi,22.3,69,955.4,4.3,253,0,0.0,83.0,98.12,189.67,8.49,3.14,584.4,61.26,,,173
2026-10-03 08:00:00,Rawalpindi,24.7,63,956.0,5.8,263,0,0.0,252.0,95.8,190.69,10.49,3.01,621.4,56.93,,,172
2026-10-03 09:00:00,Rawalpindi,27.6,53,956.7,5.9,281,0,0.0,433.0,88.65,189.72,9.48,3.03,596.92,69.63,,,168
2026-10-03 10:00:00,Rawalpindi,30.1,44,956.9,9.4,290,0,0.0,585.0,80.69,183.42,7.74,2.88,555.8,83.45,,,164
2026-10-03 11:00:00,Rawalpindi,31.6,38,956.5,13.2,298,0,0.0,687.0,83.1,186.47,5.46,2.74,510.36,104.23,,,165
2026-10-03 12:00:00,Rawalpindi,32.4,35,955.8,13.4,292,0,0.0,726.0,67.09,166.9,1.22,3.49,264.32,125.18,,,157
2026-10-03 13:00:00,Rawalpindi,33.0,34,954.9,13.3,288,0,0.0,699.0,61.7,151.63,0.82,2.97,225.94,124.02,,,154
2026-10-03 15:00:00,Rawalpindi,33.2,33,953.8,10.5,278,3,0.0,462.0,62.08,148.57,1.09,2.63,223.14,122.68,,,154
2026-10-03 20:00:00,Rawalpindi,25.6,71,954.1,2.8,15,0,0.0,0.0,73.12,157.44,12.16,1.65,436.39,60.87,,,160
2026-10-04 00:00:00,Rawalpindi,23.1,70,954.6,4.9,54,0,0.0,0.0,82.4,182.94,11.77,2.3,513.66,52.89,,,165
2026-10-04 03:00:00,Rawalpindi,22.0,75,953.0,4.2,20,0,0.0,0.0,92.65,198.85,8.96,3.03,513.38,64.88,,,170
2026-10-04 07:00:00,Rawalpindi,22.8,73,953.3,5.4,37,0,0.0,117.0,97.23,204.97,11.1,3.07,585.09,57.35,,,173
2026-10-04 14:00:00,Rawalpindi,33.0,42,952.7,5.2,209,0,0.0,556.0,79.86,174.37,1.13,4.07,291.43,136.46,,,164
2026-10-04 20:00:00,Rawalpindi,26.8,74,953.8,5.8,116,0,0.0,0.0,91.05,165.36,11.93,3.38,504.72,85.79,,,169
2026-10-05 00:00:00,Rawalpindi,24.5,81,953.8,5.6,57,1,0.0,0.0,101.24,174.32,11.12,2.31,615.15,56.79,,,175
2026-10-05 03:00:00,Rawalpindi,23.2,85,952.3,4.2,25,0,0.0,0.0,106.68,179.33,6.44,2.58,594.68,52.13,,,177
2026-10-05 06:00:00,Rawalpindi,23.0,90,952.3,2.5,45,0,0.0,21.0,110.85,184.12,8.29,3.0,638.46,44.56,,,180
2026-10-05 13:00:00,Rawalpindi,32.7,48,952.3,7.1,236,7,0.0,635.0,93.3,169.45,1.17,10.9,327.76,153.0,,,171
2026-10-05 23:00:00,Rawalpindi,25.4,79,954.1,3.5,66,23,0.0,0.0,112.34,181.83,11.25,5.49,637.95,83.02,,,180
2026-10-06 04:00:00,Rawalpindi,21.3,85,952.7,8.5,356,7,0.0,0.0,111.92,170.6,4.42,5.4,612.54,73.65,,,180
2026-10-06 11:00:00,Rawalpindi,29.2,57,957.1,6.5,120,25,0.0,590.0,117.99,171.17,4.07,6.64,604.67,126.53,,,183
2026-10-06 18:00:00,Rawalpindi,24.5,81,955.6,7.7,291,34,0.0,0.0,67.71,110.84,8.25,5.6,423.99,110.23,,,157
2026-10-07 00:00:00,Rawalpindi,21.4,91,957.4,11.4,298,100,2.3,0.0,66.27,101.2,10.52,2.74,560.57,57.19,,,157
2026-10-07 04:00:00,Rawalpindi,20.3,94,956.8,5.9,297,31,0.0,0.0,46.57,56.98,4.07,2.82,484.67,66.68,,,128
2026-10-07 16:00:00,Rawalpindi,29.1,55,957.3,3.1,167,5,0.0,164.0,51.19,62.34,5.11,3.86,371.78,111.49,,,140
2026-10-07 23:00:00,Rawalpindi,22.2,83,958.6,2.2,35,5,0.0,0.0,71.38,92.12,14.85,2.09,660.38,52.41,,,159
2026-10-08 04:00:00,Rawalpindi,21.8,82,956.5,1.0,202,0,0.0,0.0,82.11,100.24,8.16,2.36,602.74,62.33,,,165
2026-10-08 16:00:00,Rawalpindi,28.9,60,954.2,4.4,102,6,0.0,124.0,58.19,75.9,2.56,3.17,344.13,141.83,,,152
2026-10-08 23:00:00,Rawalpindi,22.3,86,955.8,6.9,51,0,0.0,0.0,86.41,113.69,13.96,1.86,754.64,57.26,,,167
2026-10-09 04:00:00,Rawalpindi,20.9,88,954.3,4.6,51,15,0.0,0.0,84.79,105.01,5.41,2.67,644.77,62.07,,,166
2026-10-09 16:00:00,Rawalpindi,28.0,59,953.4,8.7,98,30,0.0,141.0,56.11,74.79,4.13,4.9,360.41,138.1,,,151
2026-10-09 23:00:00,Rawalpindi,22.0,84,954.9,4.2,70,0,0.0,0.0,76.35,101.29,9.65,2.49,612.37,80.68,,,162
2026-10-10 04:00:00,Rawalpindi,21.0,85,953.4,5.5,23,96,0.0,0.0,78.02,101.34,4.85,2.6,601.72,63.44,,,163
2026-10-03 04:00:00,Sialkot,23.0,86,983.1,5.1,23,0,0.0,0.0,92.85,193.66,15.6,2.63,1041.39,13.57,,,170
2026-10-03 06:00:00,Sialkot,22.6,90,983.2,3.1,10,0,0.0,0.0,96.52,197.62,15.49,2.73,1064.83,11.37,,,172
2026-10-03 08:00:00,Sialkot,25.6,76,983.8,0.9,79,0,0.0,258.0,98.62,206.53,12.23,2.66,1158.71,14.38,,,173
2026-10-03 09:00:00,Sialkot,27.9,67,984.3,0.5,135,0,0.0,431.0,96.06,207.13,10.92,3.71,1077.44,36.14,,,172
2026-10-03 10:00:00,Sialkot,29.6,62,984.4,1.0,225,0,0.0,576.0,103.54,214.24,9.87,3.82,1045.34,67.36,,,176
2026-10-03 11:00:00,Sialkot,31.1,57,984.1,3.8,239,0,0.0,670.0,120.76,230.48,7.04,3.95,1013.55,110.93,,,185
2026-10-03 13:00:00,Sialkot,33.3,46,982.3,9.6,253,0,0.0,664.0,78.65,180.11,1.87,18.58,312.11,149.68,,,163
2026-10-03 15:00:00,Sialkot,33.5,42,981.4,9.6,267,0,0.0,422.0,84.55,182.56,3.6,14.71,340.62,134.0,,,166
2026-10-03 20:00:00,Sialkot,27.9,71,982.2,2.9,180,0,0.0,0.0,100.09,203.07,18.88,10.67,692.77,72.58,,,174
2026-10-04 00:00:00,Sialkot,25.3,80,982.3,6.0,41,0,0.0,0.0,100.27,203.99,17.25,4.24,889.55,28.92,,,174
2026-10-04 03:00:00,Sialkot,23.7,83,980.8,5.1,67,0,0.0,0.0,113.45,208.45,15.77,3.96,1042.77,22.09,,,181
2026-10-04 07:00:00,Sialkot,24.6,83,981.3,4.2,83,0,0.0,124.0,117.13,210.97,13.74,3.26,1081.45,14.8,,,183
2026-10-04 14:00:00,Sialkot,32.6,54,980.1,4.9,197,6,0.0,518.0,77.9,164.49,1.79,16.67,290.85,150.27,,,163
2026-10-04 20:00:00,Sialkot,27.9,71,981.3,6.2,134,0,0.0,0.0,92.15,180.12,19.2,5.6,720.59,55.36,,,170
2026-10-05 06:00:00,Sialkot,23.9,92,979.8,2.5,98,0,0.0,32.0,104.75,175.03,13.09,1.71,960.77,10.49,,,176
2026-10-05 23:00:00,Sialkot,26.3,72,981.1,7.0,58,0,0.0,0.0,91.02,179.39,27.5,4.06,1067.21,33.21,,,169
2026-10-06 11:00:00,Sialkot,31.3,57,984.3,11.5,134,19,0.0,589.0,71.94,150.86,5.94,5.08,529.4,87.38,,,159
2026-10-06 18:00:00,Sialkot,28.5,67,983.0,4.5,85,18,0.0,0.0,51.11,113.13,20.79,8.05,567.05,74.03,,,139
2026-10-07 00:00:00,Sialkot,23.8,87,984.4,7.4,89,0,0.0,0.0,50.1,99.58,17.51,7.28,636.59,55.07,,,137
2026-10-07 04:00:00,Sialkot,21.3,94,985.0,15.0,106,99,0.4,0.0,44.82,54.16,6.69,12.24,401.86,55.96,,,124
2026-10-07 16:00:00,Sialkot,30.1,59,984.9,2.4,144,12,0.0,136.0,89.92,122.35,7.72,12.22,434.75,141.06,,,169
2026-10-07 23:00:00,Sialkot,23.6,87,986.2,3.3,22,0,0.0,0.0,127.11,193.52,39.71,6.24,1360.05,21.94,,,188
2026-10-08 16:00:00,Sialkot,29.4,57,982.5,1.9,41,11,0.0,89.0,93.84,127.5,9.37,11.44,532.86,128.29,,,171
2026-10-08 23:00:00,Sialkot,24.4,79,983.3,5.5,38,4,0.0,0.0,116.93,171.73,26.74,7.42,1322.97,47.73,,,183
2026-10-09 04:00:00,Sialkot,21.2,94,982.0,4.3,45,7,0.0,0.0,119.4,153.73,15.53,3.74,1069.07,36.72,,,184
2026-10-09 16:00:00,Sialkot,28.7,59,981.5,5.7,118,48,0.0,121.0,86.89,138.53,12.85,8.07,563.84,98.49,,,167
2026-10-09 23:00:00,Sialkot,23.9,78,982.7,7.7,72,6,0.0,0.0,96.63,144.43,19.32,6.58,833.27,60.41,,,172
2026-10-10 04:00:00,Sialkot,22.8,82,981.6,7.4,96,0,0.0,0.0,102.79,130.0,6.35,5.27,594.81,70.18,,,175
